model,experiment_name,n_params,n_train,n_val,n_test,best_val_auroc,auroc,auprc,accuracy,f1,categorical,embedding,feature_augment,input_dim,metadata,peptide_embedding,tcr_embedding,tcr_input,threshold
cnn,one_hot,71937.0,115188,46038,43716,0.5376311886932382,0.6310166242615666,0.4589402454477103,0.6486412297556958,0.3967954759660697,,one_hot,none,,,one_hot,one_hot,,
cnn,one_hot_aug-one_hot,81857.0,115188,46038,43716,0.5019393898122577,0.666649061306273,0.4331337085326174,0.6453929911245311,0.3450228156160216,,one_hot,one_hot,,,one_hot,one_hot,,
cnn,autoencoder,58497.0,115188,46038,43716,0.5126563761970736,0.5070406288696427,0.3228104382451263,0.6544057095800164,0.0284244372990353,,autoencoder,none,,,autoencoder/plain_ae,autoencoder/plain_ae,,
cnn,autoencoder_aug-cat_ae,62657.0,115188,46038,43716,0.6488353132451335,0.4957852592965351,0.3183255888620009,0.6110577362979229,0.1539533263671194,,autoencoder,cat_ae,,,autoencoder/plain_ae,autoencoder/plain_ae,,
cnn,vae,58497.0,115188,46038,43716,0.5279356090603522,0.5965687620012532,0.4121669088391436,0.6644477994327019,0.0067709391292572,,vae,none,,,autoencoder/vae,autoencoder/vae,,
cnn,vae_aug-cat_ae,62657.0,115188,46038,43716,0.4995294007063685,0.5582158452505658,0.3863384025020233,0.6217860737487418,0.332498990714574,,vae,cat_ae,,,autoencoder/vae,autoencoder/vae,,
cnn,esm_cdr3,58497.0,115188,46038,43716,0.4848960911273455,0.5062379419381973,0.314731693974362,0.6644935492725775,0.0040741495212874,,esm/cdr3,none,,,autoencoder/plain_ae,esm/cdr3,,
cnn,esm_cdr3_aug-cat_ae,62657.0,115188,46038,43716,0.5142975756284989,0.3854284200814419,0.2701705370552272,0.5388873638942264,0.2186821705426356,,esm/cdr3,cat_ae,,,autoencoder/plain_ae,esm/cdr3,,
cnn,esm_full,58497.0,115188,46038,43716,0.5357069740585165,0.5083674122977722,0.3351630947824387,0.6366318967883613,0.122327200397812,,esm/full,none,,,autoencoder/plain_ae,esm/full,,
cnn,esm_full_aug-cat_ae,62657.0,115188,46038,43716,0.7273748527577842,0.5048987936672366,0.3280732886680166,0.6044240095159666,0.1954124598706555,,esm/full,cat_ae,,,autoencoder/plain_ae,esm/full,,
cross_attention,cross_attention_raw,143233.0,115188,46038,43716,0.5865581224310266,0.6456793062981732,0.4340324626710629,0.6522554671058651,0.4697963169642857,,,,,none,,,raw,
cross_attention,cross_attention_raw_aug-cat_ae,147393.0,115188,46038,43716,0.5578855666220845,0.6861455786108894,0.4699613406322423,0.6595983164058926,0.4643461358482416,,,,,cat_ae,,,raw,
cross_attention,cross_attention_esm-cdr3,217025.0,115188,46038,43716,0.7933614493191151,0.6790412970562361,0.4724904976312762,0.7086421447524933,0.4806100395547037,,,,,none,,,esm/cdr3,
cross_attention,cross_attention_esm-cdr3_aug-cat_ae,221185.0,115188,46038,43716,0.5491305709260389,0.684590222197356,0.5803070470718918,0.7187299844450544,0.4635721141261669,,,,,cat_ae,,,esm/cdr3,
cross_attention,cross_attention_esm-full,217025.0,115188,46038,43716,0.5118306936726836,0.5714980682905961,0.3819920414549925,0.6147863482477811,0.2584111326404791,,,,,none,,,esm/full,
cross_attention,cross_attention_esm-full_aug-cat_ae,221185.0,115188,46038,43716,0.5165459743059733,0.4658310613729363,0.3158110903517436,0.5643013999451002,0.2798593519603766,,,,,cat_ae,,,esm/full,
gnn,gnn,60770.0,115188,46038,43716,0.5114713928147582,0.4750746573598088,0.3290384128654828,0.6596669411657059,0.0115599255912835,,,none,,,,,,
gnn,gnn_aug-cat_ae,64930.0,115188,46038,43716,0.6935902270897005,0.735262124012733,0.5343955089674455,0.6875972184097355,0.2391219566549668,,,cat_ae,,,,,,
mlp,onehot_meta,,115188,46038,43716,0.5737505199369328,0.6027515660652716,0.3851496266667095,0.4407082075212736,0.5341792409693644,one_hot,,,1145.0,,one_hot,one_hot,,0.2317393571138382
mlp,onehot,,115188,46038,43716,0.5795272169245418,0.4865541223428789,0.3273301656186765,0.3867691463079879,0.4525851506983582,none,,,990.0,,one_hot,one_hot,,0.2062020152807235
mlp,ae_meta,,115188,46038,43716,0.644297706923774,0.4360708308871796,0.3106701753939378,0.3073702992039528,0.4014706754432782,cat_ae,,,193.0,,autoencoder/plain_ae,autoencoder/plain_ae,,0.0666722357273101
mlp,ae,,115188,46038,43716,0.4856696557544893,0.4249879898428385,0.3002343188332447,0.3333333333333333,0.4998798778185812,none,,,128.0,,autoencoder/plain_ae,autoencoder/plain_ae,,0.0874970182776451
mlp,vae_meta,,115188,46038,43716,0.4809579950831023,0.5277505856022295,0.3613522225355145,0.376658431695489,0.5121732903687791,cat_ae,,,193.0,,autoencoder/vae,autoencoder/vae,,0.2716801166534424
mlp,vae,,115188,46038,43716,0.5079833026210527,0.4734291289582817,0.3202965022277552,0.3883703907036325,0.4993821381763714,none,,,128.0,,autoencoder/vae,autoencoder/vae,,0.3204120993614197
mlp,esm_cdr3_meta,,115188,46038,43716,0.5362294577034649,0.5587669390664385,0.4102745947516417,0.3333104584133955,0.4999742652735601,cat_ae,,,1281.0,,autoencoder/plain_ae,esm/cdr3,,0.5001755356788635
mlp,esm_cdr3,,115188,46038,43716,0.5323766791718764,0.5504360149465541,0.3837382198259711,0.3333104584133955,0.4999571073174916,none,,,1216.0,,autoencoder/plain_ae,esm/cdr3,,0.4987948536872864
random_forest,onehot_meta,,115188,46038,43716,,0.7686532360831734,0.6225264175442928,0.6716305242931649,0.0344386897154772,one_hot,,,1145.0,,one_hot,one_hot,,0.4316939890710382
random_forest,onehot,,115188,46038,43716,,0.7215515431157843,0.5626563106425109,0.6703037789367737,0.0248968270076449,none,,,990.0,,one_hot,one_hot,,0.4734042553191489
random_forest,ae_meta,,115188,46038,43716,,0.4656463822844651,0.3193484857935262,0.6685195351816269,0.0204150611775839,cat_ae,,,193.0,,autoencoder/plain_ae,autoencoder/plain_ae,,0.4171122994652406
random_forest,ae,,115188,46038,43716,,0.4895024862670712,0.3376089992721179,0.668084911702809,0.0091505053264135,none,,,128.0,,autoencoder/plain_ae,autoencoder/plain_ae,,0.4696969696969697
random_forest,vae_meta,,115188,46038,43716,,0.5896965855714529,0.3955904177167244,0.668816909140818,0.0200351969676458,cat_ae,,,193.0,,autoencoder/vae,autoencoder/vae,,0.4022988505747126
random_forest,vae,,115188,46038,43716,,0.5821946698861883,0.3904262496321577,0.6684509104218135,0.0138794393795074,none,,,128.0,,autoencoder/vae,autoencoder/vae,,0.4148936170212766
random_forest,esm_cdr3_meta,,115188,46038,43716,,0.525888827865293,0.3614403640092324,0.6687940342208802,0.0358260637943663,cat_ae,,,1281.0,,autoencoder/plain_ae,esm/cdr3,,0.3825136612021858
random_forest,esm_cdr3,,115188,46038,43716,,0.5283869758762764,0.3555689234801296,0.6684509104218135,0.0235785502559956,none,,,1216.0,,autoencoder/plain_ae,esm/cdr3,,0.412087912087912
